Bakery,Address,Latitude,Longitude,Latitude,Longtitude
The Sweet Life Bakeshop,"740 South St Philadelphia, PA 19147",39.9422909,-75.1551882,,
The Bakeshop on 20th,"269 S 20th St Philadelphia, PA 19103",39.9484101,-75.174133,,
Beiler's Bakery,"51 N 12th St Philadelphia, PA 19107",39.9535983,-75.1593829,,
Bread Top House,"1041 Race St Philadelphia, PA 19107",39.9556913,-75.1572928,,
J'aime French Bakery,"212 S 12th St Philadelphia, PA 19107",39.948081,-75.1608093,,
A LA Mousse,"145 N 11th St Philadelphia, PA 19107",39.9552167,-75.1574268,,
Au Fouril,"234 Woodbine Ave Narberth, PA 19072",40.0095648,-75.2593633,,
Isgro Pastries,"1009 Christian St Philadelphia, PA 19147",39.9393937,-75.1597819,,
Frangelli's Bakery,"847 W Ritner St Philadelphia, PA 19148",39.9197119,-75.1619627,,
Nook Bakery & Coffee Bar,"15 S 20th St Philadelphia, PA 19103",39.9527767,-75.1732379,,
Termini Bros Bakery,"1701 John F Kennedy Blvd Philadelphia, PA 19103",39.954703,-75.1684962,,
Oui,"160 N 3rd St Philadelphia, PA 19106",39.953873,-75.145074,,
Maison Sweet,"2930 Chestnut St Philadelphia, PA 19104",39.9531102,-75.1832509,,
Mayflower Bakery & Cafe,"1008 Race St Philadelphia, PA 19107",39.9552567,-75.1563115,,
Termini Bros Bakery,"1523 S 8th St Philadelphia, PA 19147",39.9298013,-75.1580443,,
Four Worlds Bakery,"4634 Woodland Philadelphia, PA 19143",39.9434199,-75.2105015,,
Tartes Pastry Shop,"212 Arch St Philadelphia, PA 19106",39.9518037,-75.1438627,,
Tartes Pastry Shop,"901 N 3rd St Philadelphia, PA 19123",39.9649649,-75.1421791,,
Ursa Bakery,"N 22nd St & Fairmount Ave Philadelphia, PA 19130",39.9673072,-75.1737505,,
The Frosted Fox Cake Shop,"6511 Germantown Ave Philadelphia, PA 19119",40.0487702,-75.1834594,,
Haegele's Bakery,"4164 Barnett St Philadelphia, PA 19135",40.0263359,-75.0572171,,
KC's Pastries,"109 N 10th St Philadelphia, PA 19107",39.953863,-75.156041,,
Machine Shop,"1901 S 9th St Philadelphia, PA 19148",39.9252954,-75.159828,,
Gran Caffe L'Aquila,"1716 Chestnut St Philadelphia, PA 19103",39.9512789,-75.1695181,,
Sarcone's Bakery,"758 S 9th St Philadelphia, PA 19147",39.9401063,-75.1578313,,
Mighty Bread Company,"1211 Gerritt St Philadelphia, PA 19147",39.9322174,-75.1648445,,
Metropolitan Bakery,"262 S 19th St Philadelphia, PA 19103",39.9481791,-75.1728468,,
Cake Life Bake Shop,"1306 Frankford Ave Philadelphia, PA 19125",39.9704611,-75.1347412,,
Whipped Bakeshop,"636 Belgrade St Philadelphia, PA 19125",39.974562,-75.1275499,,
Amigo's Bakery,"2327 S 12th St Philadelphia, PA 19148",39.9206548,-75.1665256,,
Artisan Boulanger Patissier,"1218 Mifflin St Philadelphia, PA 19148",39.9263259,-75.1664515,,
Stock's Bakery,"2614 E Lehigh Ave Philadelphia, PA 19125",39.9788936,-75.1154994,,
The Kettle Black,"631 N 2nd St Philadelphia, PA 19123",39.9616445,-75.1409523,,
Kouklet Brazilian Bakehouse,"1647 E Passyunk Ave Philadelphia, PA 19148",39.9289697,-75.1642855,,
Cake Life Bake Shop,"1306 Frankford Ave Philadelphia, PA 19125",39.9704611,-75.1347412,,
Sweet Box Cupcakes,"339 S 13th St Philadelphia, PA 19107",39.9455743,-75.1627856,,
La Rosas Cafeteria y Panaderia,"1712 S 8th St Philadelphia, PA 19148",39.9275589,-75.1589396,,
R Weinrich German Bakery,"3545 W Chester Pike Newtown Square, PA 19073",39.9867576,-75.3974687,,
Aurora Grace,"225 S 18th St Philadelphia, PA 19103",39.949295,-75.1706505,,
Brewerytown Bakery,"2949 W Girard Ave Philadelphia, PA 19130",39.9749478,-75.1849738,,
Matcha Panda Cafe,"202 N 9th St Philadelphia, PA 19107",39.9553565,-75.1544241,,
Lost Bread Co.,"1313 N Howard St Philadelphia, PA 19122",39.9708891,-75.1364011,,
Sol Levante Bakery,"1923 Cheltenham Ave Cheltenham, PA 19012",40.0683248,-75.1471343,,
Miguelina Bakery,"4928 Westfield Ave Pennsauken Township, NJ 08110",39.958637,-75.0648439,,
Merenda Box,"801 E Hector St Conshohocken, PA 19428",40.0745314,-75.2924485,,
Essen Bakery,"1437 E Passyunk Ave Philadelphia, PA 19147",39.9310321,-75.1618419,,
Bredenbeck's Bakery & Ice Cream Parlor,"8126 Germantown Ave Philadelphia, PA 19118",40.0724965,-75.2023802,,
Coffee Cream & Dreams,"1436 Fairmount Ave Philadelphia, PA 19130",39.9669063,-75.1620478,,
Cacia's Bakery,"1526 W Ritner St Philadelphia, PA 19145",39.9208362,-75.1731836,,
Tous Les Jours,"826 Haddonfield Rd Cherry Hill, NJ 08002",39.9266597,-75.0320455,,
Ramona Susan's Bake Shop,"1255 Marlborough St Philadelphia, PA 19125",39.9711799,-75.132352,,
Darnel's Cakes,"444 N 3rd St Philadelphia, PA 19123",39.9583973,-75.1449044,,
K'Far Cafe,"110 S 19th St Philadelphia, PA 19103",39.9514386,-75.1721742,,
Tasty Twisters Bakery,"5002 Umbria St Philadelphia, PA 19128",40.0356495,-75.2361014,,
Paris Baguette,"1717 Chestnut St Philadelphia, PA 19103",39.9517335,-75.1694171,,
BUY the Dozen,"123 W. Rockland St. Philadelphia, PA 19120",40.0248892,-75.1245145,,
Dodo Bakery,"2653 S 11th St Philadelphia, PA 19148",39.9163136,-75.1658815,,
Denise's Delicacies,"2916 N 22nd St Philadelphia, PA 19132",39.9991623,-75.167009,,
Small Oven Pastry Shop,"2204 Washington Ave Philadelphia, PA 19146",39.9390544,-75.1801195,,
Sugar Moon,"6009 Ridge Ave Philadelphia, PA 19128",40.0320846,-75.2134125,,
Danish Bakers,"107 Huntingdon Pike Rockledge, PA 19046",40.0794035,-75.0872587,,
International Bakery,"232 N 10th St Philadelphia, PA 19107",39.9564551,-75.1558492,,
Cake & Joe,"2012 Frankford Ave Philadelphia, PA 19125",39.9790846,-75.1302524,,
Varallo Brothers Bakery,"1639 S 10th St Philadelphia, PA 19148",39.9284405,-75.161589,,
Heung Fa Chun Sweet House,"112 N 10th St Philadelphia, PA 19107",39.9540112,-75.1563403,,
My Old Place Bakery,"201 Shadeland Ave Lansdowne, PA 19050",39.9402863,-75.2877828,,
Holmesburg Bakery,"7935 Frankford Ave Philadelphia, PA 19136",40.0410115,-75.0284172,,
Baltic Bakery,"2617 E Allegheny Ave Philadelphia, PA 19134",39.9853282,-75.1031508,,
Termini Bros Bakery,"12th St & Filbert St Reading Terminal Market Philadelphia, PA 19107",39.9537075,-75.1584719,,
Tous Les Jours,"50 Yorktown Plaza Elkins Park, PA 19027",40.0788887,-75.1268316,,
Rolings Bakery,"7848 Montgomery Ave Elkins Park, PA 19027",40.0713918,-75.1267261,,
Weinrich's Bakery,"55 Easton Rd Willow Grove, PA 19090",40.1427718,-75.1156564,,
Artisan Boulanger Patissier,"29 W State St Media, PA 19063",39.9182065,-75.3904251,,
FRIEDA,"320 Walnut St Philadelphia, PA 19106",39.946989,-75.1471903,,
Marchiano's Bakery,"4653 Umbria St Philadelphia, PA 19127",40.0308856,-75.2301417,,
Gilda Cafe and Market,"300 E Girard Ave Philadelphia, PA 19125",39.9696173,-75.1315736,,
Zhong Gang Bakery,"127 N 10th St Philadelphia, PA 19107",39.954291,-75.1558868,,
McMillan's Bakery,"15 Haddon Ave Haddon Township, NJ 08108",39.9128825,-75.0559553,,
Carlo's Bakery,"2101 Walnut St Philadelphia, PA 19103",39.9509373,-75.1758708,,
Faragalli's Bakery,"1400 S 13th St Philadelphia, PA 19147",39.9326102,-75.1659563,,
Enswell,"1528 Spruce St Philadelphia, PA 19102",39.9472393,-75.1677363,,
J'aime French Café,"1644 Pine St Philadelphia, PA 19103",39.9460875,-75.1698253,,
Vibrant Coffee Roasters & Bakery,"222 W Rittenhouse Sq Fl 1 Philadelphia, PA 19103",39.9492261,-75.1733644,,
Lily Of The Valley Cupcakery and Café,"26 W Maplewood Mall Philadelphia, PA 19144",40.0343502,-75.1746646,,
Stoltzfus Baked Goods,"120 Coulter Ave Ardmore, PA 19003",40.0075252,-75.285988,,
The Night Kitchen,"7725 Germantown Ave Philadelphia, PA 19118",40.0683288,-75.1978484,,
Twisted Grounds,"47 N 20th St Philadelphia, PA 19130",39.9545206,-75.1730131,,
Merzbacher's of Germantown,"4530 Germantown Ave Philadelphia, PA 19144",40.024239,-75.1598736,,
Paris Baguette,"3816 Chestnut St Unit 9 Philadelphia, PA 19104",39.9552373,-75.1995565,,
Cafe Roma Bakery,"6147 Ridge Ave Philadelphia, PA 19128",40.0350436,-75.2163778,,
Silvia Bakery,"2530 N. 2nd St Philadelphia, PA 19133",39.9891986,-75.1358617,,
Suraya,"1528 Frankford Ave Philadelphia, PA 19125",39.9736936,-75.1337925,,
Nutmeg Cake Design,"220 Krams Ave Philadelphia, PA 19127",40.0305802,-75.2256382,,
Maria's Prime Time Bakery,"233 Morton Ave Folsom, PA 19033",39.8855905,-75.3310602,,
Conshohocken Italian Bakery,"79 Jones St Conshohocken, PA 19428",40.0746568,-75.2957081,,
Commons Café,"1 Logan Square Philadelphia, PA 19103",39.9569323,-75.1702705,,
A La Mousse,"920 Montgomery Ave Narberth, PA 19072",40.0113601,-75.2610549,,
Huda,"32 S 18th St Philadelphia, PA 19103",39.9521873,-75.1704557,,
More Sugar,"125 N 11th St Philadelphia, PA 19107",39.9547447,-75.1575176,,
Second Daughter Baking,"1901 S 9th St Ste 403 Philadelphia, PA 19148",39.9252954,-75.159828,,
NaturallySweet Desserts,"2041 Green St Fl 2 Philadelphia, PA 19130",39.9652824,-75.1722423,,
Philly Cannoli King,"1205 S 9th St Philadelphia, PA 19147",39.9341119,-75.1588541,,
Ben-Gad Baking Company,"317 North Broad St Philadelphia, PA 19107",39.9586585,-75.161985,,
The Franklin Fountain,"116 Market St Philadelphia, PA 19106",39.9495617,-75.1428765,,
Colombian Bakery,"4944 N 5th St Philadelphia, PA 19120",40.0270868,-75.1328179,,
Sweet T's Bakeshop,"14 Kings Ct Haddonfield, NJ 08033",39.897579,-75.032402,,
Vanilya,"1611 E Passyunk Ave Philadelphia, PA 19148",39.9295452,-75.1635787,,
The Cheesecake Lady,"910 Township Line Rd Elkins Park, PA 19027",40.0814585,-75.1175008,,
Musette,"2441 Aspen St Philadelphia, PA 19130",39.9690246,-75.1781931,,
The Bakery,"2300 S 3rd St Philadelphia, PA 19148",39.9194849,-75.1522841,,
High Fidelity Bakery,"1929 S 17th St Philadelphia, PA 19145",39.9267275,-75.1739458,,
Strawberry Bakery,"365 Lancaster Ave Malvern, PA 19355",40.0388517,-75.5535983,,
Nothing Bundt Cakes,"333 E Lancaster Ave Wynnewood, PA 19096",40.002402,-75.27771,,
Yummy Yummy,"52 N 10th St Philadelphia, PA 19107",39.9533132,-75.1564462,,
Two Sweet Boutique,"1526 Hurffville Rd Deptford, NJ 08096",39.8070495,-75.0945593,,
Desserts by Sprinkled Sweetness,"510 S 5th St Philadelphia, PA 19147",39.9425031,-75.1507867,,
Creme Brulee Bistro & Cafe,"1800 S 4th St Philadelphia, PA 19148",39.9258553,-75.1528429,,
Termini Bros Bakery,"1538 Packer Ave Philadelphia, PA 19145",39.9113515,-75.1753515,,
Stoltzfus Family Foods,"120 Coulter Ave Ardmore, PA 19003",40.0075252,-75.285988,,
High Street Philadelphia,"101 S 9th St Philadelphia, PA 19107",39.9494611,-75.1554684,,
Carangi Baking,"2655 S Iseminger St Philadelphia, PA 19148",39.9166422,-75.1685158,,
Tiffany's Bakery,"1001 Market St Philadelphia, PA 19107",39.9518027,-75.1568645,,
El Café,"31 S 19th St Philadelphia, PA 19103",39.9525105,-75.1717214,,
Asia Bakery,"115 N 10th St Philadelphia, PA 19107",39.9540019,-75.1560283,,
ICI Macarons & Cafe - Temp. CLOSED,"11 N 3rd St Philadelphia, PA 19106",39.950653,-75.1453829,,
Cakeposer,"43 E Lancaster Ave Paoli, PA 19301",40.0424007,-75.4814873,,
Metropolitan Bakery,"4013 Walnut St Philadelphia, PA 19104",39.954332,-75.2033585,,
Crust Vegan Bakery,"4409 Main St Philadelphia, PA 19127",40.0261433,-75.2249568,,
Fritz's Bakery,"4201 Neshaminy Blvd Bensalem, PA 19020",40.1360039,-74.9508356,,
Cuor di Caffè,"100 Market St Philadelphia, PA 19106",39.9495456,-75.1423249,,
Famous 4th Street Cookie - Ridge Avenue,"4177 Ridge Ave Philadelphia, PA 19129",40.0085583,-75.1932206,,
Talula's Daily,"208 W Washington Square Philadelphia, PA 19106",39.9472898,-75.1536263,,
Brown Sugar Bakery & Cafe,"219 S 52nd St Philadelphia, PA 19139",39.956403,-75.2253664,,
Gino's Bakery,"7142 Frankford Ave Philadelphia, PA 19135",40.0355296,-75.04376,,
Traub's Bakery,"1020 Lincoln Ave Prospect Park, PA 19076",39.8863918,-75.3094662,,
Tous Les Jours,"393 West Lancaster Ave Haverford, PA 19041",40.0131423,-75.3009932,,
Flakely,"220 Krams Ave Philadelphia, PA 19127",40.0305802,-75.2256382,,
LeBus Bakery Outlet,"479 Shoemaker Rd King of Prussia, PA 19406",40.0839812,-75.3518759,,
La Madeleine French Bakery & Cafe,"1101 Market St Philadelphia, PA 19107",39.9521671,-75.1584143,,
Sweet As Fudge Candy Shoppe,"12th & Arch St Reading Terminal Market Philadelphia, PA 19107",39.9537075,-75.1584719,,
High Point Cafe,"602 Carpenter Ln Philadelphia, PA 19119",40.046183,-75.1958735,,
Little Susie's Coffee & Pie,"2532 E Lehigh Ave Philadelphia, PA 19125",39.980073,-75.1164587,,
Pop's Homemade Water Ice,"1337 W Oregon Ave Philadelphia, PA 19148",39.9168991,-75.1704066,,
Jimmies Cupcake,"Philadelphia, PA 19004",40.0131418,-75.2304038,,
T & F Farmers Pride,"8101 Ridge Ave Philadelphia, PA 19128",40.0571691,-75.2357067,,
Old Nelson Food Company,"129 S 30th St Philadelphia, PA 19104",39.9527663,-75.1836884,,
Paris Baguette,"6201 N Front St Philadelphia, PA 19120",40.0445123,-75.1176342,,
Queen Village Food Market & Deli,"629 South 4th St Philadelphia, PA 19147",39.9408249,-75.1492124,,
La Colombe,"8500 Essington Ave Philadelphia, PA 19153",39.8759591,-75.2436064,,
Netcost Market,"2417 Welsh Rd Philadelphia, PA 19114",40.0722624,-75.0314503,,
ReAnimator Coffee,"1523 E Susquehanna Ave Philadelphia, PA 19125",39.9764555,-75.1270254,,
Pagano's,"1216 W Township Line Rd Drexel Hill, PA 19026",39.9576434,-75.3195987,,
C1 Bakery Cafe,"6610 Castor Ave Philadelphia, PA 19149",40.0424187,-75.0749579,,
Italian Peoples Bakery - Levittown,"1142 Woodbourne Rd Levittown, PA 19056",40.1655797,-74.875999,,
B2,"1500 E Passyunk Ave Philadelphia, PA 19147",39.9308767,-75.1624324,,
Tastykake,"3 Crescent Dr Ste 200 Philadelphia, PA 19112",39.8962095,-75.1741139,,
feine,"812 Fayette St Conshohocken, PA 19428",40.0802691,-75.3003895,,
Founding Farmers First Bake Cafe & Creamery,"255 Main St Ste 180 King of Prussia, PA 19406",40.0833116,-75.4057804,,
Zuzu's Kitchen,"1500 Ridge Ave Philadelphia, PA 19130",39.9679042,-75.1621032,,
Rustica,"903 N 2nd St Philadelphia, PA 19123",39.9642176,-75.1405144,,
Piazza's Bakery,"20 Penn Valley Rd Levittown, PA 19054",40.1714303,-74.8334095,,
Insomnia Cookies,"4319 Main St Philadelphia, PA 19127",40.0252014,-75.2224611,,
Honey Bee Gourmet Deli,"1034 Spruce St Philadelphia, PA 19107",39.9459602,-75.1594404,,
Mary's Gourmet Donut Shoppe,"498 Green Ln Bristol, PA 19007",40.116649,-74.8432808,,
The Coventry Deli,"2000 Market St Philadelphia, PA 19103",39.9532883,-75.1736466,,
The Original Mart Soft Pretzel Bakery,"202 Rt 130 N Cinnaminson, NJ 08077",39.9864119,-75.0099092,,
Cafe Tinto,"143 E Wyoming Ave Philadelphia, PA 19120",40.0215333,-75.1225928,,
Arc Specialty Bakery,"704 Tuckahoe Rd Sewell, NJ 08080",39.7248301,-75.0325932,,
19 Degrees,"1847 Christian St Philadelphia, PA 19146",39.941174,-75.174132,,
Cacia's Bakery,"1010 S Black Horse Pike Blackwood, NJ 08012",39.787891,-75.0578051,,
South Street Philly Bagels,"613 S 3rd St Philadelphia, PA 19147",39.9409875,-75.1474352,,
Mammoth Coffee,"534 W Girard Ave Philadelphia, PA 19123",39.9701339,-75.1464338,,
Germantown Espresso Bar,"6369 Germantown Ave Philadelphia, PA 19144",40.0455016,-75.1818408,,
Insomnia Cookies,"3417 Spruce St Philadelphia, PA 19104",39.9509138,-75.1938738,,
Spread Bagelry,"2401 Walnut St Philadelphia, PA 19103",39.9515389,-75.1798003,,
Shanks Original,"901 S Columbus Blvd Pier 40 Philadelphia, PA 19147",39.9348071,-75.1420536,,
Alif Brew & Mini Mart,"4501 Baltimore Ave Philadelphia, PA 19143",39.9491783,-75.2131497,,
Torch-Wood Cafe,"303 N 3rd St Philadelphia, PA 19106",39.9559464,-75.1442085,,
PrimoHoagies,"1528 W Ritner St Philadelphia, PA 19145",39.9208607,-75.1733465,,
Oregon Steaks,"2654 S 10th St Philadelphia, PA 19148",39.9161532,-75.1646503,,
Celebre Pizzeria,"1536 Packer Ave Philadelphia, PA 19145",39.9113318,-75.1753521,,
Le Bus,"Terminal F Southwest Philadelphia, PA 19153",39.880669,-75.240738,,
The Bagel Place,"404 Queen St Philadelphia, PA 19147",39.9374733,-75.1504451,,
Au Bon Pain,"2951 Market St Philadelphia, PA 19104",39.9557002,-75.182516,,
Merrymead Farm,"2222 S Valley Forge Rd Lansdale, PA 19446",40.2089455,-75.3332932,,
Au Bon Pain,"421 Curie Blvd Philadelphia, PA 19104",39.9483552,-75.1966906,,
Nick's Old Original Roast Beef,"2149 S 20th St Philadelphia, PA 19145",39.9244465,-75.1793102,,
Grooveground,"647 Haddon Ave Collingswood, NJ 08108",39.9168814,-75.070367,,
Dattilo's Delicatessen,"8000 Horrocks St Philadelphia, PA 19152",40.0599798,-75.0524813,,
Kung Fu Tea,"1006 Arch St Philadelphia, PA 19107",39.9534207,-75.1567535,,
The Green Line Cafe,"4239 Baltimore Ave Philadelphia, PA 19104",39.9497951,-75.2090767,,
Suzy-Jo Donuts,"49 E 4th St Bridgeport, PA 19405",40.1053826,-75.340426,,
Del Buono's Bakery,"303 S White Horse Pike Stratford, NJ 08084",39.8277966,-74.9991823,,
The Station,"10 E Chestnut Ave Merchantville, NJ 08109",39.9523149,-75.0485778,,
Krispy Kreme,"1170 Haddon Ave Collingswood, NJ 08108",39.91273,-75.0575506,,
Old City Coffee,"1136 Arch St Philadelphia, PA 19107",39.9531593,-75.1590984,,
Hearth Baker,"1118 N Broad St Lansdale, PA 19446",40.2510277,-75.2749579,,
Mama Buntz Donut,"421 Hurffville - Cross Keys Rd Sewell, NJ 08080",39.7338119,-75.0638068,,
Pancho's Café,"152 West Girard Ave Philadelphia, PA 19123",39.9690877,-75.1381748,,
Dixie Picnic,"215 Lancaster Ave Malvern, PA 19355",40.0413579,-75.5428863,,
Del Buono's Bakery,"34 West Route 70 Marlton, NJ 08053",39.8928282,-74.9244322,,
Last Drop,"1300 Pine St Philadelphia, PA 19107",39.9451402,-75.1630885,,
Au Bon Pain,"1625 Chestnut St Philadelphia, PA 19103",39.952012,-75.1677625,,
Angels Donuts,"267 E County Line Rd Hatboro, PA 19040",40.1806769,-75.0865427,,
Tasty Way,N/A,,,,
Cinnabon,"1101 Market St Philadelphia, PA 19107",39.9521671,-75.1584143,,
Lennie's Hoagies,"6141 Ridge Ave Philadelphia, PA 19128",40.0348452,-75.2163983,,
Fitzwater Street Philly Bagels,"2001 Fitzwater St Philadelphia, PA 19146",39.9432012,-75.1755348,,
Jay's Deli,"1228 Spruce St Philadelphia, PA 19107",39.9464555,-75.1624759,,
Donut Plus,"1400 W Erie Ave Philadelphia, PA 19140",40.0091292,-75.1517557,,
7-Eleven,"3440 Market St Philadelphia, PA 19104",39.9557137,-75.1925667,,
Philly Pretzel Factory,"1401 W Passyunk Ave Philadelphia, PA 19145",39.925596,-75.17011,,
Locals Coffee & Eatery,"909 E Willow Grove Ave Wyndmoor, PA 19038",40.0827542,-75.1889354,,
Five Points Coffee,"47 Long Ln Upper Darby, PA 19082",39.9602467,-75.2624214,,
Skippack Village Italian Market,"4101 Skippack Pike Skippack Village, PA 19474",40.2274214,-75.4042229,,
The Original Bagel,"2914 W Chester Pike Broomall, PA 19008",39.9829224,-75.3718462,,
Tim Hortons,"57 White Horse Pike Stratford, NJ 08084",39.8309829,-75.0017202,,
Great Awakenings Cafe,"1466 E Cheltenham Ave Philadelphia, PA 19124",40.029444,-75.0811871,,
Soltane Cafe,"138 Bridge St Phoenixville, PA 19460",40.1340778,-75.5139754,,
Cacia's Bakery - Cherry Hill,"2081 Old Marlton Pike Cherry Hill, NJ 08003",39.8960677,-74.9494413,,
Cacia's Bakery,"25 Sicklerville Rd Monroe Township, NJ 08094",39.687047,-74.9951122,,
Cupcake Carnivale,"55 E Main St Moorestown, NJ 08057",39.9649741,-74.9445412,,
The Satellite Cafe,"701 S 50th St Philadelphia, PA 19143",39.9476547,-75.2227004,,
Duck Donuts,"201 Main St Ste 160 King Of Prussia, PA 19406",40.0833767,-75.4051841,,
Bagelicous,"1200 Delsea Dr Westville, NJ 08093",39.8445408,-75.1255772,,
Wawa,"3604 Chestnut St Philadelphia, PA 19104",39.9543347,-75.1950445,,
Antonio's Deli,"1014 Federal St Philadelphia, PA 19147",39.9345344,-75.1610472,,
Capital One Café,"135 S 17th St Ste A Philadelphia, PA 19103",39.9501583,-75.1689025,,
Hmart,"1138 Bristol Oxford Valley Rd Levittown, PA 19057",40.1657066,-74.8760629,,
Saxbys,"65 N 34th St Philadelphia, PA 19104",39.9574412,-75.1907705,,
Reen's Delicatessen,"12319 Academy Rd Parkwood Shopping Ctr Philadelphia, PA 19154",40.0954861,-74.975398,,
Rival Bros Coffee,"1100 Tasker St Philadelphia, PA 19148",39.9296792,-75.1633584,,
The Freshworks of Port Richmond,"2634 Belgrade St Philadelphia, PA 19125",39.9796117,-75.1176561,,
Mazzanti's Market,"320 Lincoln Ave Bristol, PA 19007",40.1020468,-74.8473834,,
Up-RYES Bagel & Deli,"22 N Bryn Mawr Ave Bryn Mawr, PA 19010",40.0219474,-75.3173015,,
Hatville Deli,"1136 Arch St Reading Terminal Market Philadelphia, PA 19107",39.9537075,-75.1584719,,
silvio's deli,"100 N York Rd Ste B Hatboro, PA 19040",40.179464,-75.1054097,,
Deeb's Bread,"257 Shell Rd Carneys Point, NJ 08069",39.7129711,-75.4703956,,
Heart Stone,"400 Franklin Ave Franklin Commons Phoenixville, PA 19460",40.1412783,-75.5207478,,